"No.","Page Title","URL Path","Category","File Path"
"1","Planet Roofing | Fort Lauderdale Roofing Contractor | Roof Repair & Replacement","/","Main Page","F:\My Career\Roofing Conversion\Client\Planet Roofing\Planet Roofing-Anti Gravity\planet-roofing\index.html"
"2","Thank You | Planet Roofing","/thank-you.html","Utility","F:\My Career\Roofing Conversion\Client\Planet Roofing\Planet Roofing-Anti Gravity\planet-roofing\thank-you.html"
"3","2-Piece Barrel Tile Roof Installation Video | Fort Lauderdale, FL","/2-piece-barrel-tile-roof-installation-video/","Main Page","F:\My Career\Roofing Conversion\Client\Planet Roofing\Planet Roofing-Anti Gravity\planet-roofing\2-piece-barrel-tile-roof-installation-video\index.html"
"4","About Planet Roofing | Fort Lauderdale Roofing Contractor Since 2009","/about-planet-roofing/","Main Page","F:\My Career\Roofing Conversion\Client\Planet Roofing\Planet Roofing-Anti Gravity\planet-roofing\about-planet-roofing\index.html"
"5","Roofing Services Fort Lauderdale FL | Planet Roofing","/all-roofing-services/","Main Page","F:\My Career\Roofing Conversion\Client\Planet Roofing\Planet Roofing-Anti Gravity\planet-roofing\all-roofing-services\index.html"
"6","$10,000 Florida Roofing Grant Fort Lauderdale | Planet Roofing","/blogs/10000-state-grant-in-florida/","Blog","F:\My Career\Roofing Conversion\Client\Planet Roofing\Planet Roofing-Anti Gravity\planet-roofing\blogs\10000-state-grant-in-florida\index.html"
"7","Top 6 Things to Know When Hiring a Residential Roofing Contractor in Florida | Planet Roofing","/blogs/6-things-to-know-about-hiring-a-roofing-contractor/","Blog","F:\My Career\Roofing Conversion\Client\Planet Roofing\Planet Roofing-Anti Gravity\planet-roofing\blogs\6-things-to-know-about-hiring-a-roofing-contractor\index.html"
"8","7 Efficient Roof Inspection Tips for Fort Lauderdale Homeowners | Planet Roofing","/blogs/7-efficient-roof-inspection-tips/","Blog","F:\My Career\Roofing Conversion\Client\Planet Roofing\Planet Roofing-Anti Gravity\planet-roofing\blogs\7-efficient-roof-inspection-tips\index.html"
"9","9 Best Types of Roofing in Fort Lauderdale | Planet Roofing","/blogs/9-best-types-of-roofing/","Blog","F:\My Career\Roofing Conversion\Client\Planet Roofing\Planet Roofing-Anti Gravity\planet-roofing\blogs\9-best-types-of-roofing\index.html"
"10","Top Benefits of Green Roofs for Fort Lauderdale Homes | Planet Roofing","/blogs/benefits-of-green-roofing/","Blog","F:\My Career\Roofing Conversion\Client\Planet Roofing\Planet Roofing-Anti Gravity\planet-roofing\blogs\benefits-of-green-roofing\index.html"
"11","Can You Finance a Roof in Florida? | Planet Roofing","/blogs/can-you-finance-a-roof-in-florida-planet-roofing/","Blog","F:\My Career\Roofing Conversion\Client\Planet Roofing\Planet Roofing-Anti Gravity\planet-roofing\blogs\can-you-finance-a-roof-in-florida-planet-roofing\index.html"
"12","Choosing the Right Metal Roof for Low-Sloped Homes | Planet Roofing","/blogs/choosing-the-right-metal-roof-for-low-sloped-homes-a-helpful-guide/","Blog","F:\My Career\Roofing Conversion\Client\Planet Roofing\Planet Roofing-Anti Gravity\planet-roofing\blogs\choosing-the-right-metal-roof-for-low-sloped-homes-a-helpful-guide\index.html"
"13","Essential Things You Need to Know for a Roof Leak Repair | Planet Roofing Fort Lauderdale","/blogs/everything-you-need-to-know-about-a-roof-leak-repair/","Blog","F:\My Career\Roofing Conversion\Client\Planet Roofing\Planet Roofing-Anti Gravity\planet-roofing\blogs\everything-you-need-to-know-about-a-roof-leak-repair\index.html"
"14","Five Undeniable Reasons to Replace Your Roof | Planet Roofing","/blogs/five-undeniable-reasons-to-replace-your-roof/","Blog","F:\My Career\Roofing Conversion\Client\Planet Roofing\Planet Roofing-Anti Gravity\planet-roofing\blogs\five-undeniable-reasons-to-replace-your-roof\index.html"
"15","Golf Course Community Roofing Fort Lauderdale | Planet Roofing","/blogs/golf-course-community-roofing/","Blog","F:\My Career\Roofing Conversion\Client\Planet Roofing\Planet Roofing-Anti Gravity\planet-roofing\blogs\golf-course-community-roofing\index.html"
"16","Government Loans for Roof Replacement in Florida | Planet Roofing","/blogs/government-loans-for-roof-replacement-in-florida-planet-roofing/","Blog","F:\My Career\Roofing Conversion\Client\Planet Roofing\Planet Roofing-Anti Gravity\planet-roofing\blogs\government-loans-for-roof-replacement-in-florida-planet-roofing\index.html"
"17","Guide to Regular Roof Inspections Fort Lauderdale | Planet Roofing","/blogs/guide-to-regular-roof-inspections/","Blog","F:\My Career\Roofing Conversion\Client\Planet Roofing\Planet Roofing-Anti Gravity\planet-roofing\blogs\guide-to-regular-roof-inspections\index.html"
"18","How to Apply for PACE Roof Financing in Fort Lauderdale | Planet Roofing","/blogs/how-to-apply-for-pace-roof-financing-program/","Blog","F:\My Career\Roofing Conversion\Client\Planet Roofing\Planet Roofing-Anti Gravity\planet-roofing\blogs\how-to-apply-for-pace-roof-financing-program\index.html"
"19","How To Easily Locate a Roof Leak | Planet Roofing Fort Lauderdale","/blogs/how-to-easily-locate-a-roof-leak/","Blog","F:\My Career\Roofing Conversion\Client\Planet Roofing\Planet Roofing-Anti Gravity\planet-roofing\blogs\how-to-easily-locate-a-roof-leak\index.html"
"20","Hurricane Mitigation Requirements for Roofing | Planet Roofing","/blogs/hurricane-mitigation-requirements-for-roofing/","Blog","F:\My Career\Roofing Conversion\Client\Planet Roofing\Planet Roofing-Anti Gravity\planet-roofing\blogs\hurricane-mitigation-requirements-for-roofing\index.html"
"21","Mansard Roof in South Florida | Planet Roofing Fort Lauderdale","/blogs/mansard-roof-in-south-florida/","Blog","F:\My Career\Roofing Conversion\Client\Planet Roofing\Planet Roofing-Anti Gravity\planet-roofing\blogs\mansard-roof-in-south-florida\index.html"
"22","Metal Roofing and Green Energy | Sustainable Roofs in Fort Lauderdale","/blogs/metal-roofing-and-green-energy/","Blog","F:\My Career\Roofing Conversion\Client\Planet Roofing\Planet Roofing-Anti Gravity\planet-roofing\blogs\metal-roofing-and-green-energy\index.html"
"23","Modified Bitumen Roofing in Fort Lauderdale | Planet Roofing","/blogs/modified-bitumen-roofing/","Blog","F:\My Career\Roofing Conversion\Client\Planet Roofing\Planet Roofing-Anti Gravity\planet-roofing\blogs\modified-bitumen-roofing\index.html"
"24","My Safe Florida Home Program Fort Lauderdale | Planet Roofing","/blogs/my-safe-florida-home-program/","Blog","F:\My Career\Roofing Conversion\Client\Planet Roofing\Planet Roofing-Anti Gravity\planet-roofing\blogs\my-safe-florida-home-program\index.html"
"25","Can You Finance a Roof in Florida? | Planet Roofing","/blogs/old-can-you-finance-a-roof-in-florida-planet-roofing/","Blog","F:\My Career\Roofing Conversion\Client\Planet Roofing\Planet Roofing-Anti Gravity\planet-roofing\blogs\old-can-you-finance-a-roof-in-florida-planet-roofing\index.html"
"26","Patio Roofing Fort Lauderdale | Patio Waterproofing | Planet Roofing","/blogs/patio-roofing-fort-lauderdale/","Blog","F:\My Career\Roofing Conversion\Client\Planet Roofing\Planet Roofing-Anti Gravity\planet-roofing\blogs\patio-roofing-fort-lauderdale\index.html"
"27","Programs to Help Pay for a New Roof in Florida | Planet Roofing","/blogs/programs-to-help-pay-for-a-new-roof-in-florida/","Blog","F:\My Career\Roofing Conversion\Client\Planet Roofing\Planet Roofing-Anti Gravity\planet-roofing\blogs\programs-to-help-pay-for-a-new-roof-in-florida\index.html"
"28","Reasons to Replace Your Roof with Planet Roofing in Fort Lauderdale","/blogs/reasons-to-replace-your-roof-with-planet-roofing/","Blog","F:\My Career\Roofing Conversion\Client\Planet Roofing\Planet Roofing-Anti Gravity\planet-roofing\blogs\reasons-to-replace-your-roof-with-planet-roofing\index.html"
"29","Roof Ventilation Fort Lauderdale | 5 Reasons to Replace Roof Vents","/blogs/reasons-to-replace-your-vents/","Blog","F:\My Career\Roofing Conversion\Client\Planet Roofing\Planet Roofing-Anti Gravity\planet-roofing\blogs\reasons-to-replace-your-vents\index.html"
"30","Solar Panel Installation Fort Lauderdale | Renewable Rooftop Energy","/blogs/renewable-energy-from-your-rooftops/","Blog","F:\My Career\Roofing Conversion\Client\Planet Roofing\Planet Roofing-Anti Gravity\planet-roofing\blogs\renewable-energy-from-your-rooftops\index.html"
"31","How to Replace Roof Shingles: A Step-by-Step Guide for Fort Lauderdale Homes | Planet Roofing","/blogs/replacing-roof-shingles/","Blog","F:\My Career\Roofing Conversion\Client\Planet Roofing\Planet Roofing-Anti Gravity\planet-roofing\blogs\replacing-roof-shingles\index.html"
"32","Roof Financing Florida with PACE | $0 Down Roof Replacement","/blogs/roof-financing-florida/","Blog","F:\My Career\Roofing Conversion\Client\Planet Roofing\Planet Roofing-Anti Gravity\planet-roofing\blogs\roof-financing-florida\index.html"
"33","Roof Financing Florida | Flexible Roofing Payment Plans | Planet Roofing","/blogs/roof-financing-florida-flexible-roofing-payment-plans/","Blog","F:\My Career\Roofing Conversion\Client\Planet Roofing\Planet Roofing-Anti Gravity\planet-roofing\blogs\roof-financing-florida-flexible-roofing-payment-plans\index.html"
"34","Roof Leak Repair Cost in Florida | Planet Roofing Fort Lauderdale","/blogs/roof-leak-repair-cost/","Blog","F:\My Career\Roofing Conversion\Client\Planet Roofing\Planet Roofing-Anti Gravity\planet-roofing\blogs\roof-leak-repair-cost\index.html"
"35","Roofing Companies With No Credit Check Payment Plans in Florida | Planet Roofing","/blogs/roofing-companies-with-no-credit-check-payment-plans-planet-roofing/","Blog","F:\My Career\Roofing Conversion\Client\Planet Roofing\Planet Roofing-Anti Gravity\planet-roofing\blogs\roofing-companies-with-no-credit-check-payment-plans-planet-roofing\index.html"
"36","Roofing Companies With Payment Plans for Bad Credit in Florida | Planet Roofing","/blogs/roofing-companies-with-payment-plans-for-bad-credit-planet-roofing/","Blog","F:\My Career\Roofing Conversion\Client\Planet Roofing\Planet Roofing-Anti Gravity\planet-roofing\blogs\roofing-companies-with-payment-plans-for-bad-credit-planet-roofing\index.html"
"37","Roofing Done Right: Boost Your Home Value | Planet Roofing","/blogs/roofing-done-right-a-key-to-boosting-your-homes-value/","Blog","F:\My Career\Roofing Conversion\Client\Planet Roofing\Planet Roofing-Anti Gravity\planet-roofing\blogs\roofing-done-right-a-key-to-boosting-your-homes-value\index.html"
"38","Roofing on a Budget in Fort Lauderdale | Planet Roofing","/blogs/roofing-on-a-budget-practical-tips-for-homeowners/","Blog","F:\My Career\Roofing Conversion\Client\Planet Roofing\Planet Roofing-Anti Gravity\planet-roofing\blogs\roofing-on-a-budget-practical-tips-for-homeowners\index.html"
"39","Step-by-Step Guide to the Perfect Roof | Planet Roofing Fort Lauderdale","/blogs/step-by-step-process-into-achieving-the-perfect-roof/","Blog","F:\My Career\Roofing Conversion\Client\Planet Roofing\Planet Roofing-Anti Gravity\planet-roofing\blogs\step-by-step-process-into-achieving-the-perfect-roof\index.html"
"40","Stone Coated Steel Roofing Fort Lauderdale | Planet Roofing FL","/blogs/stone-coated-steel-roofing-florida/","Blog","F:\My Career\Roofing Conversion\Client\Planet Roofing\Planet Roofing-Anti Gravity\planet-roofing\blogs\stone-coated-steel-roofing-florida\index.html"
"41","The Importance of Proper Roof Installation in Fort Lauderdale | Planet Roofing","/blogs/the-importance-of-proper-roof-installation/","Blog","F:\My Career\Roofing Conversion\Client\Planet Roofing\Planet Roofing-Anti Gravity\planet-roofing\blogs\the-importance-of-proper-roof-installation\index.html"
"42","Wind Mitigation Inspection Fort Lauderdale | Save on Insurance | Planet Roofing","/blogs/wind-mitigation-inspection-strengthening-your-home-and-reducing-insurance-costs/","Blog","F:\My Career\Roofing Conversion\Client\Planet Roofing\Planet Roofing-Anti Gravity\planet-roofing\blogs\wind-mitigation-inspection-strengthening-your-home-and-reducing-insurance-costs\index.html"
"43","Expert Wood Shake Roofing Tips for Fort Lauderdale Homes | Planet Roofing","/blogs/wood-shake-roofing-tips/","Blog","F:\My Career\Roofing Conversion\Client\Planet Roofing\Planet Roofing-Anti Gravity\planet-roofing\blogs\wood-shake-roofing-tips\index.html"
"44","Book a Roofing Consultation in Fort Lauderdale | Planet Roofing","/booking-calendar/","Main Page","F:\My Career\Roofing Conversion\Client\Planet Roofing\Planet Roofing-Anti Gravity\planet-roofing\booking-calendar\index.html"
"45","Cedar Shake Roofing Fort Lauderdale FL | Planet Roofing","/cedar-shake-roofing-contractor/","Main Page","F:\My Career\Roofing Conversion\Client\Planet Roofing\Planet Roofing-Anti Gravity\planet-roofing\cedar-shake-roofing-contractor\index.html"
"46","Commercial Roofing Fort Lauderdale FL | Planet Roofing","/commercial-roofing-contractor/","Main Page","F:\My Career\Roofing Conversion\Client\Planet Roofing\Planet Roofing-Anti Gravity\planet-roofing\commercial-roofing-contractor\index.html"
"47","Composite Tile Roofing in Fort Lauderdale, FL | Planet Roofing","/composite-tile-roofing-contractor/","Main Page","F:\My Career\Roofing Conversion\Client\Planet Roofing\Planet Roofing-Anti Gravity\planet-roofing\composite-tile-roofing-contractor\index.html"
"48","Contact for Roof Financing Options in Florida | Planet Roofing","/contact-for-roof-financing-option/","Main Page","F:\My Career\Roofing Conversion\Client\Planet Roofing\Planet Roofing-Anti Gravity\planet-roofing\contact-for-roof-financing-option\index.html"
"49","Contact Planet Roofing in Fort Lauderdale, FL","/contact-planet-roofing/","Main Page","F:\My Career\Roofing Conversion\Client\Planet Roofing\Planet Roofing-Anti Gravity\planet-roofing\contact-planet-roofing\index.html"
"50","24/7 Emergency Roof Work in Fort Lauderdale FL | Planet Roofing","/contact-us-24-7-emergency-roof/","Main Page","F:\My Career\Roofing Conversion\Client\Planet Roofing\Planet Roofing-Anti Gravity\planet-roofing\contact-us-24-7-emergency-roof\index.html"
"51","Roofing FAQ Fort Lauderdale FL | Planet Roofing","/faq-roofing/","Main Page","F:\My Career\Roofing Conversion\Client\Planet Roofing\Planet Roofing-Anti Gravity\planet-roofing\faq-roofing\index.html"
"52","Flat Roofing Fort Lauderdale FL | Flat Roof Repair, TPO Roofing & Roof Coatings | Planet Roofing","/flat-roof-roofing-contractor/","Main Page","F:\My Career\Roofing Conversion\Client\Planet Roofing\Planet Roofing-Anti Gravity\planet-roofing\flat-roof-roofing-contractor\index.html"
"53","Metal Roofing Contractor in Fort Lauderdale, FL | Planet Roofing","/metal-roof-roofing-contractor/","Main Page","F:\My Career\Roofing Conversion\Client\Planet Roofing\Planet Roofing-Anti Gravity\planet-roofing\metal-roof-roofing-contractor\index.html"
"54","Metal Roofing Installation Video Fort Lauderdale FL | Planet Roofing","/metal-roofing-installation-video/","Main Page","F:\My Career\Roofing Conversion\Client\Planet Roofing\Planet Roofing-Anti Gravity\planet-roofing\metal-roofing-installation-video\index.html"
"55","New Roof Installation Fort Lauderdale FL | Planet Roofing","/new-roof-roofing-contractor/","Main Page","F:\My Career\Roofing Conversion\Client\Planet Roofing\Planet Roofing-Anti Gravity\planet-roofing\new-roof-roofing-contractor\index.html"
"56","Planet Roofing Review Feedback | Tell Us How We Can Improve","/planet-roofing-review-feedback/","Main Page","F:\My Career\Roofing Conversion\Client\Planet Roofing\Planet Roofing-Anti Gravity\planet-roofing\planet-roofing-review-feedback\index.html"
"57","Planet Roofing Reviews & Ratings | Fort Lauderdale Roofing Contractor","/planet-roofing-review-ratings/","Main Page","F:\My Career\Roofing Conversion\Client\Planet Roofing\Planet Roofing-Anti Gravity\planet-roofing\planet-roofing-review-ratings\index.html"
"58","Roofing Project Portfolio Fort Lauderdale FL | Planet Roofing","/portfolio-of-roofing-projects/","Main Page","F:\My Career\Roofing Conversion\Client\Planet Roofing\Planet Roofing-Anti Gravity\planet-roofing\portfolio-of-roofing-projects\index.html"
"59","Register Roof Warranty | Planet Roofing Fort Lauderdale","/register-roof-warranty/","Main Page","F:\My Career\Roofing Conversion\Client\Planet Roofing\Planet Roofing-Anti Gravity\planet-roofing\register-roof-warranty\index.html"
"60","Residential Roofing Fort Lauderdale FL | Roof Repair & Replacement | Planet Roofing","/residential-roof-roofing-contractor/","Main Page","F:\My Career\Roofing Conversion\Client\Planet Roofing\Planet Roofing-Anti Gravity\planet-roofing\residential-roof-roofing-contractor\index.html"
"61","Roof Financing Fort Lauderdale FL | Roof Payment Plans & Roof Loans | Planet Roofing","/roof-financing/","Main Page","F:\My Career\Roofing Conversion\Client\Planet Roofing\Planet Roofing-Anti Gravity\planet-roofing\roof-financing\index.html"
"62","Roof Inspection in Fort Lauderdale: Professional Guide | Planet Roofing","/roof-inspection-roofing-contractor/","Main Page","F:\My Career\Roofing Conversion\Client\Planet Roofing\Planet Roofing-Anti Gravity\planet-roofing\roof-inspection-roofing-contractor\index.html"
"63","Roof Maintenance Fort Lauderdale FL | Preventative Roof Checklist","/roof-maintenance-roofing-contractor/","Main Page","F:\My Career\Roofing Conversion\Client\Planet Roofing\Planet Roofing-Anti Gravity\planet-roofing\roof-maintenance-roofing-contractor\index.html"
"64","Adding a Second Roof Layer Fort Lauderdale FL | Roof Recovery Code","/roof-recovery-roofing-contractor/","Main Page","F:\My Career\Roofing Conversion\Client\Planet Roofing\Planet Roofing-Anti Gravity\planet-roofing\roof-recovery-roofing-contractor\index.html"
"65","Roof Repair Fort Lauderdale FL | Roof Leak Repair, Emergency Roof Repair Near Me | Planet Roofing","/roof-repair-roofing-contractor/","Main Page","F:\My Career\Roofing Conversion\Client\Planet Roofing\Planet Roofing-Anti Gravity\planet-roofing\roof-repair-roofing-contractor\index.html"
"66","Roof Replacement Fort Lauderdale FL | New Roof Installation & Re-Roofing | Planet Roofing","/roof-replacement-roofing-contractor/","Main Page","F:\My Career\Roofing Conversion\Client\Planet Roofing\Planet Roofing-Anti Gravity\planet-roofing\roof-replacement-roofing-contractor\index.html"
"67","Roof Warranty Service Request | Planet Roofing Fort Lauderdale","/roof-warranty-request-service/","Main Page","F:\My Career\Roofing Conversion\Client\Planet Roofing\Planet Roofing-Anti Gravity\planet-roofing\roof-warranty-request-service\index.html"
"68","Roofing Catalog Fort Lauderdale FL | Tile, Shingle & Metal Roof Colors","/roofing-catalogs/","Main Page","F:\My Career\Roofing Conversion\Client\Planet Roofing\Planet Roofing-Anti Gravity\planet-roofing\roofing-catalogs\index.html"
"69","Resolve Roofing Code Violations Fort Lauderdale FL | Planet Roofing","/roofing-code-violation-roofing-contractor/","Main Page","F:\My Career\Roofing Conversion\Client\Planet Roofing\Planet Roofing-Anti Gravity\planet-roofing\roofing-code-violation-roofing-contractor\index.html"
"70","Roofing Permit and Inspections Links","/roofing-permit-and-inspections/","Main Page","F:\My Career\Roofing Conversion\Client\Planet Roofing\Planet Roofing-Anti Gravity\planet-roofing\roofing-permit-and-inspections\index.html"
"71","Roofing Permit and Inspections 1","/roofing-permit-and-inspections1/","Main Page","F:\My Career\Roofing Conversion\Client\Planet Roofing\Planet Roofing-Anti Gravity\planet-roofing\roofing-permit-and-inspections1\index.html"
"72","Same Day Roof Repair Fort Lauderdale FL | Planet Roofing","/same-day-roof-repair-roofing-contractor/","Main Page","F:\My Career\Roofing Conversion\Client\Planet Roofing\Planet Roofing-Anti Gravity\planet-roofing\same-day-roof-repair-roofing-contractor\index.html"
"73","Service Area | Planet Roofing South Florida Roofing Contractor","/service-area/","Service Area","F:\My Career\Roofing Conversion\Client\Planet Roofing\Planet Roofing-Anti Gravity\planet-roofing\service-area\index.html"
"74","Roofing Services in Broward County FL | Planet Roofing","/service-area/broward-county-fl/","Service Area","F:\My Career\Roofing Conversion\Client\Planet Roofing\Planet Roofing-Anti Gravity\planet-roofing\service-area\broward-county-fl\index.html"
"75","Roofing Services in Broward County FL | Planet Roofing","/service-area/broward-county-fl/roofing-contractor/","Service Area","F:\My Career\Roofing Conversion\Client\Planet Roofing\Planet Roofing-Anti Gravity\planet-roofing\service-area\broward-county-fl\roofing-contractor\index.html"
"76","Roofing Contractor in Coral Springs, FL | Planet Roofing","/service-area/broward-county-fl/roofing-contractor-coral-springs/","Service Area","F:\My Career\Roofing Conversion\Client\Planet Roofing\Planet Roofing-Anti Gravity\planet-roofing\service-area\broward-county-fl\roofing-contractor-coral-springs\index.html"
"77","Roofing Contractor Hollywood FL | Roof Repair & Replacement | Planet Roofing","/service-area/broward-county-fl/roofing-contractor-hollywood/","Service Area","F:\My Career\Roofing Conversion\Client\Planet Roofing\Planet Roofing-Anti Gravity\planet-roofing\service-area\broward-county-fl\roofing-contractor-hollywood\index.html"
"78","Roofing Contractor in Lauderdale-by-the-Sea, FL | Planet Roofing","/service-area/broward-county-fl/roofing-contractor-lauderdale-by-the-sea/","Service Area","F:\My Career\Roofing Conversion\Client\Planet Roofing\Planet Roofing-Anti Gravity\planet-roofing\service-area\broward-county-fl\roofing-contractor-lauderdale-by-the-sea\index.html"
"79","Roofing Contractor in Lauderdale Lakes, FL | Planet Roofing","/service-area/broward-county-fl/roofing-contractor-lauderdale-lakes/","Service Area","F:\My Career\Roofing Conversion\Client\Planet Roofing\Planet Roofing-Anti Gravity\planet-roofing\service-area\broward-county-fl\roofing-contractor-lauderdale-lakes\index.html"
"80","Trusted Lauderhill Roofer | Roof Repair & Replacement | Planet Roofing","/service-area/broward-county-fl/roofing-contractor-lauderhill/","Service Area","F:\My Career\Roofing Conversion\Client\Planet Roofing\Planet Roofing-Anti Gravity\planet-roofing\service-area\broward-county-fl\roofing-contractor-lauderhill\index.html"
"81","Miramar Roofing Services | Roof Repair & Replacement | Planet Roofing","/service-area/broward-county-fl/roofing-contractor-miramar/","Service Area","F:\My Career\Roofing Conversion\Client\Planet Roofing\Planet Roofing-Anti Gravity\planet-roofing\service-area\broward-county-fl\roofing-contractor-miramar\index.html"
"82","Oakland Park Roofing Contractor | Roof Repair & Replacement | Planet Roofing","/service-area/broward-county-fl/roofing-contractor-oakland-park/","Service Area","F:\My Career\Roofing Conversion\Client\Planet Roofing\Planet Roofing-Anti Gravity\planet-roofing\service-area\broward-county-fl\roofing-contractor-oakland-park\index.html"
"83","Roofing and Solar Contractor in Plantation, FL | Planet Roofing","/service-area/broward-county-fl/roofing-contractor-plantation/","Service Area","F:\My Career\Roofing Conversion\Client\Planet Roofing\Planet Roofing-Anti Gravity\planet-roofing\service-area\broward-county-fl\roofing-contractor-plantation\index.html"
"84","Roofing Contractor in Pompano Beach, FL | Planet Roofing","/service-area/broward-county-fl/roofing-contractor-pompano-beach/","Service Area","F:\My Career\Roofing Conversion\Client\Planet Roofing\Planet Roofing-Anti Gravity\planet-roofing\service-area\broward-county-fl\roofing-contractor-pompano-beach\index.html"
"85","Tamarac Roofing Services | Roof Repair & Replacement | Planet Roofing","/service-area/broward-county-fl/roofing-contractor-tamarac/","Service Area","F:\My Career\Roofing Conversion\Client\Planet Roofing\Planet Roofing-Anti Gravity\planet-roofing\service-area\broward-county-fl\roofing-contractor-tamarac\index.html"
"86","Weston Roofing Services | Tile Roof Repair & Replacement | Planet Roofing","/service-area/broward-county-fl/roofing-contractor-weston/","Service Area","F:\My Career\Roofing Conversion\Client\Planet Roofing\Planet Roofing-Anti Gravity\planet-roofing\service-area\broward-county-fl\roofing-contractor-weston\index.html"
"87","Wilton Manors Roofing Contractor | Roof Repair & Replacement | Planet Roofing","/service-area/broward-county-fl/roofing-contractor-wilton-manors/","Service Area","F:\My Career\Roofing Conversion\Client\Planet Roofing\Planet Roofing-Anti Gravity\planet-roofing\service-area\broward-county-fl\roofing-contractor-wilton-manors\index.html"
"88","Roofing Services in Broward County FL | Planet Roofing","/service-area/fort-lauderdale-fl/","Service Area","F:\My Career\Roofing Conversion\Client\Planet Roofing\Planet Roofing-Anti Gravity\planet-roofing\service-area\fort-lauderdale-fl\index.html"
"89","Cedar Shake Roofing Fort Lauderdale FL | Planet Roofing","/service-area/fort-lauderdale-fl/cedar-shake-roofing/","Service Area","F:\My Career\Roofing Conversion\Client\Planet Roofing\Planet Roofing-Anti Gravity\planet-roofing\service-area\fort-lauderdale-fl\cedar-shake-roofing\index.html"
"90","Commercial Roofing Fort Lauderdale FL | Commercial Roof Repair & Flat Roofing | Planet Roofing","/service-area/fort-lauderdale-fl/commercial-roofing/","Service Area","F:\My Career\Roofing Conversion\Client\Planet Roofing\Planet Roofing-Anti Gravity\planet-roofing\service-area\fort-lauderdale-fl\commercial-roofing\index.html"
"91","Composite Tile Roofing in Fort Lauderdale, FL | Planet Roofing","/service-area/fort-lauderdale-fl/composite-tile-roofing/","Service Area","F:\My Career\Roofing Conversion\Client\Planet Roofing\Planet Roofing-Anti Gravity\planet-roofing\service-area\fort-lauderdale-fl\composite-tile-roofing\index.html"
"92","Roofing Project Portfolio Fort Lauderdale FL | Planet Roofing","/service-area/fort-lauderdale-fl/contact-planet-roofing/","Service Area","F:\My Career\Roofing Conversion\Client\Planet Roofing\Planet Roofing-Anti Gravity\planet-roofing\service-area\fort-lauderdale-fl\contact-planet-roofing\index.html"
"93","24/7 Emergency Roof Work in Fort Lauderdale FL | Planet Roofing","/service-area/fort-lauderdale-fl/contact-us-24-7-emergency-roof-work/","Service Area","F:\My Career\Roofing Conversion\Client\Planet Roofing\Planet Roofing-Anti Gravity\planet-roofing\service-area\fort-lauderdale-fl\contact-us-24-7-emergency-roof-work\index.html"
"94","Flat Roofing Fort Lauderdale FL | Flat Roof Repair, TPO Roofing & Roof Coatings | Planet Roofing","/service-area/fort-lauderdale-fl/flat-roofing-services/","Service Area","F:\My Career\Roofing Conversion\Client\Planet Roofing\Planet Roofing-Anti Gravity\planet-roofing\service-area\fort-lauderdale-fl\flat-roofing-services\index.html"
"95","Metal Roofing Contractor in Fort Lauderdale, FL | Planet Roofing","/service-area/fort-lauderdale-fl/metal-roofing/","Service Area","F:\My Career\Roofing Conversion\Client\Planet Roofing\Planet Roofing-Anti Gravity\planet-roofing\service-area\fort-lauderdale-fl\metal-roofing\index.html"
"96","New Roof Installation Fort Lauderdale FL | Planet Roofing","/service-area/fort-lauderdale-fl/new-roofing/","Service Area","F:\My Career\Roofing Conversion\Client\Planet Roofing\Planet Roofing-Anti Gravity\planet-roofing\service-area\fort-lauderdale-fl\new-roofing\index.html"
"97","Roofing Project Portfolio Fort Lauderdale FL | Planet Roofing","/service-area/fort-lauderdale-fl/portfolio-of-roofing-projects/","Service Area","F:\My Career\Roofing Conversion\Client\Planet Roofing\Planet Roofing-Anti Gravity\planet-roofing\service-area\fort-lauderdale-fl\portfolio-of-roofing-projects\index.html"
"98","Residential Roofing Fort Lauderdale FL | Roof Repair & Replacement | Planet Roofing","/service-area/fort-lauderdale-fl/residential-roofing/","Service Area","F:\My Career\Roofing Conversion\Client\Planet Roofing\Planet Roofing-Anti Gravity\planet-roofing\service-area\fort-lauderdale-fl\residential-roofing\index.html"
"99","Roof Financing Fort Lauderdale FL | Roof Payment Plans & Roof Loans | Planet Roofing","/service-area/fort-lauderdale-fl/roof-financing/","Service Area","F:\My Career\Roofing Conversion\Client\Planet Roofing\Planet Roofing-Anti Gravity\planet-roofing\service-area\fort-lauderdale-fl\roof-financing\index.html"
"100","Roof Inspection Fort Lauderdale FL | Roof Leak Inspection & Roof Report | Planet Roofing","/service-area/fort-lauderdale-fl/roof-inspection/","Service Area","F:\My Career\Roofing Conversion\Client\Planet Roofing\Planet Roofing-Anti Gravity\planet-roofing\service-area\fort-lauderdale-fl\roof-inspection\index.html"
"101","Roof Maintenance Fort Lauderdale FL | Roof Inspection & Preventive Roofing Service | Planet Roofing","/service-area/fort-lauderdale-fl/roof-maintenance/","Service Area","F:\My Career\Roofing Conversion\Client\Planet Roofing\Planet Roofing-Anti Gravity\planet-roofing\service-area\fort-lauderdale-fl\roof-maintenance\index.html"
"102","Roof Recovery Service in Fort Lauderdale, FL | Planet Roofing","/service-area/fort-lauderdale-fl/roof-recovery/","Service Area","F:\My Career\Roofing Conversion\Client\Planet Roofing\Planet Roofing-Anti Gravity\planet-roofing\service-area\fort-lauderdale-fl\roof-recovery\index.html"
"103","Roof Repair Fort Lauderdale FL | Roof Leak Repair, Emergency Roof Repair Near Me | Planet Roofing","/service-area/fort-lauderdale-fl/roof-repair/","Service Area","F:\My Career\Roofing Conversion\Client\Planet Roofing\Planet Roofing-Anti Gravity\planet-roofing\service-area\fort-lauderdale-fl\roof-repair\index.html"
"104","Roof Replacement Fort Lauderdale FL | New Roof Installation & Re-Roofing | Planet Roofing","/service-area/fort-lauderdale-fl/roof-replacement/","Service Area","F:\My Career\Roofing Conversion\Client\Planet Roofing\Planet Roofing-Anti Gravity\planet-roofing\service-area\fort-lauderdale-fl\roof-replacement\index.html"
"105","Roofing Code Violation Service in Fort Lauderdale, FL | Planet Roofing","/service-area/fort-lauderdale-fl/roofing-code-violation/","Service Area","F:\My Career\Roofing Conversion\Client\Planet Roofing\Planet Roofing-Anti Gravity\planet-roofing\service-area\fort-lauderdale-fl\roofing-code-violation\index.html"
"106","Roofing Contractor in Colee Hammock Fort Lauderdale, FL | Planet Roofing","/service-area/fort-lauderdale-fl/roofing-contractor-in-colee-hammock/","Service Area","F:\My Career\Roofing Conversion\Client\Planet Roofing\Planet Roofing-Anti Gravity\planet-roofing\service-area\fort-lauderdale-fl\roofing-contractor-in-colee-hammock\index.html"
"107","Roofing Contractor in Coral Ridge Fort Lauderdale, FL | Planet Roofing","/service-area/fort-lauderdale-fl/roofing-contractor-in-coral-ridge/","Service Area","F:\My Career\Roofing Conversion\Client\Planet Roofing\Planet Roofing-Anti Gravity\planet-roofing\service-area\fort-lauderdale-fl\roofing-contractor-in-coral-ridge\index.html"
"108","Roofing Contractor in Downtown Fort Lauderdale, FL | Planet Roofing","/service-area/fort-lauderdale-fl/roofing-contractor-in-downtown/","Service Area","F:\My Career\Roofing Conversion\Client\Planet Roofing\Planet Roofing-Anti Gravity\planet-roofing\service-area\fort-lauderdale-fl\roofing-contractor-in-downtown\index.html"
"109","Roofing Contractor in Flagler Village Fort Lauderdale, FL | Planet Roofing","/service-area/fort-lauderdale-fl/roofing-contractor-in-flagler-village/","Service Area","F:\My Career\Roofing Conversion\Client\Planet Roofing\Planet Roofing-Anti Gravity\planet-roofing\service-area\fort-lauderdale-fl\roofing-contractor-in-flagler-village\index.html"
"110","Roofing Contractor in Harbor Beach Fort Lauderdale, FL | Planet Roofing","/service-area/fort-lauderdale-fl/roofing-contractor-in-harbor-beach/","Service Area","F:\My Career\Roofing Conversion\Client\Planet Roofing\Planet Roofing-Anti Gravity\planet-roofing\service-area\fort-lauderdale-fl\roofing-contractor-in-harbor-beach\index.html"
"111","Roofing Contractor in Idlewyld Fort Lauderdale, FL | Planet Roofing","/service-area/fort-lauderdale-fl/roofing-contractor-in-idlewyld/","Service Area","F:\My Career\Roofing Conversion\Client\Planet Roofing\Planet Roofing-Anti Gravity\planet-roofing\service-area\fort-lauderdale-fl\roofing-contractor-in-idlewyld\index.html"
"112","Roofing Contractor in Las Olas Fort Lauderdale, FL | Planet Roofing","/service-area/fort-lauderdale-fl/roofing-contractor-in-las-olas/","Service Area","F:\My Career\Roofing Conversion\Client\Planet Roofing\Planet Roofing-Anti Gravity\planet-roofing\service-area\fort-lauderdale-fl\roofing-contractor-in-las-olas\index.html"
"113","Roofing Contractor in Poinsettia Heights Fort Lauderdale, FL | Planet Roofing","/service-area/fort-lauderdale-fl/roofing-contractor-in-poinsettia-heights/","Service Area","F:\My Career\Roofing Conversion\Client\Planet Roofing\Planet Roofing-Anti Gravity\planet-roofing\service-area\fort-lauderdale-fl\roofing-contractor-in-poinsettia-heights\index.html"
"114","Roofing Contractor in Rio Vista Fort Lauderdale, FL | Planet Roofing","/service-area/fort-lauderdale-fl/roofing-contractor-in-rio-vista/","Service Area","F:\My Career\Roofing Conversion\Client\Planet Roofing\Planet Roofing-Anti Gravity\planet-roofing\service-area\fort-lauderdale-fl\roofing-contractor-in-rio-vista\index.html"
"115","Roofing Contractor in Seven Isles Fort Lauderdale FL | Planet Roofing","/service-area/fort-lauderdale-fl/roofing-contractor-in-seven-isles/","Service Area","F:\My Career\Roofing Conversion\Client\Planet Roofing\Planet Roofing-Anti Gravity\planet-roofing\service-area\fort-lauderdale-fl\roofing-contractor-in-seven-isles\index.html"
"116","Roofing Contractor in South Middle River Fort Lauderdale FL | Planet Roofing","/service-area/fort-lauderdale-fl/roofing-contractor-in-south-middle-river/","Service Area","F:\My Career\Roofing Conversion\Client\Planet Roofing\Planet Roofing-Anti Gravity\planet-roofing\service-area\fort-lauderdale-fl\roofing-contractor-in-south-middle-river\index.html"
"117","Roofing Services Fort Lauderdale FL | Planet Roofing","/service-area/fort-lauderdale-fl/roofing-services/","Service Area","F:\My Career\Roofing Conversion\Client\Planet Roofing\Planet Roofing-Anti Gravity\planet-roofing\service-area\fort-lauderdale-fl\roofing-services\index.html"
"118","Same Day Roof Repair Fort Lauderdale FL | Planet Roofing","/service-area/fort-lauderdale-fl/same-day-roof-repair/","Service Area","F:\My Career\Roofing Conversion\Client\Planet Roofing\Planet Roofing-Anti Gravity\planet-roofing\service-area\fort-lauderdale-fl\same-day-roof-repair\index.html"
"119","Shingle Roofing Fort Lauderdale FL | Shingle Roof Repair & Replacement | Planet Roofing","/service-area/fort-lauderdale-fl/shingle-roofing/","Service Area","F:\My Career\Roofing Conversion\Client\Planet Roofing\Planet Roofing-Anti Gravity\planet-roofing\service-area\fort-lauderdale-fl\shingle-roofing\index.html"
"120","Stone Coated Metal Roofing Fort Lauderdale, FL | Planet Roofing","/service-area/fort-lauderdale-fl/stone-coated-metal-roofing/","Service Area","F:\My Career\Roofing Conversion\Client\Planet Roofing\Planet Roofing-Anti Gravity\planet-roofing\service-area\fort-lauderdale-fl\stone-coated-metal-roofing\index.html"
"121","Tile Roofing Fort Lauderdale FL | Tile Roof Repair & Installation | Planet Roofing","/service-area/fort-lauderdale-fl/tile-roofing/","Service Area","F:\My Career\Roofing Conversion\Client\Planet Roofing\Planet Roofing-Anti Gravity\planet-roofing\service-area\fort-lauderdale-fl\tile-roofing\index.html"
"122","TPO Roofing Contractor in Fort Lauderdale, FL | Planet Roofing","/service-area/fort-lauderdale-fl/tpo-roofing/","Service Area","F:\My Career\Roofing Conversion\Client\Planet Roofing\Planet Roofing-Anti Gravity\planet-roofing\service-area\fort-lauderdale-fl\tpo-roofing\index.html"
"123","Waterproofing Fort Lauderdale FL | Roof Waterproofing & Coatings | Planet Roofing","/service-area/fort-lauderdale-fl/waterproofing/","Service Area","F:\My Career\Roofing Conversion\Client\Planet Roofing\Planet Roofing-Anti Gravity\planet-roofing\service-area\fort-lauderdale-fl\waterproofing\index.html"
"124","Roofing Services in Broward County FL | Planet Roofing","/service-area/miami-dade-fl/","Service Area","F:\My Career\Roofing Conversion\Client\Planet Roofing\Planet Roofing-Anti Gravity\planet-roofing\service-area\miami-dade-fl\index.html"
"125","Miami-Dade Roofing Contractor | Roof Repair & Replacement | Planet Roofing","/service-area/miami-dade-fl/roofing-contractor/","Service Area","F:\My Career\Roofing Conversion\Client\Planet Roofing\Planet Roofing-Anti Gravity\planet-roofing\service-area\miami-dade-fl\roofing-contractor\index.html"
"126","Roofing Contractor in Aventura, FL | Planet Roofing","/service-area/miami-dade-fl/roofing-contractor-aventura/","Service Area","F:\My Career\Roofing Conversion\Client\Planet Roofing\Planet Roofing-Anti Gravity\planet-roofing\service-area\miami-dade-fl\roofing-contractor-aventura\index.html"
"127","Cutler Bay Roofing Contractor | Roof Repair & Replacement | Planet Roofing","/service-area/miami-dade-fl/roofing-contractor-cutler-bay/","Service Area","F:\My Career\Roofing Conversion\Client\Planet Roofing\Planet Roofing-Anti Gravity\planet-roofing\service-area\miami-dade-fl\roofing-contractor-cutler-bay\index.html"
"128","Luxury Coastal Roofing Services in Golden Beach FL | Planet Roofing","/service-area/miami-dade-fl/roofing-contractor-golden-beach/","Service Area","F:\My Career\Roofing Conversion\Client\Planet Roofing\Planet Roofing-Anti Gravity\planet-roofing\service-area\miami-dade-fl\roofing-contractor-golden-beach\index.html"
"129","Reliable Roofing Contractors in Hialeah FL | Planet Roofing","/service-area/miami-dade-fl/roofing-contractor-hialeah/","Service Area","F:\My Career\Roofing Conversion\Client\Planet Roofing\Planet Roofing-Anti Gravity\planet-roofing\service-area\miami-dade-fl\roofing-contractor-hialeah\index.html"
"130","Storm-Resistant Roofing Services in Homestead FL | Planet Roofing","/service-area/miami-dade-fl/roofing-contractor-homestead/","Service Area","F:\My Career\Roofing Conversion\Client\Planet Roofing\Planet Roofing-Anti Gravity\planet-roofing\service-area\miami-dade-fl\roofing-contractor-homestead\index.html"
"131","Roofing Contractor in Ives Dairy, FL | Roof Repair & Replacement","/service-area/miami-dade-fl/roofing-contractor-ives-dairy/","Service Area","F:\My Career\Roofing Conversion\Client\Planet Roofing\Planet Roofing-Anti Gravity\planet-roofing\service-area\miami-dade-fl\roofing-contractor-ives-dairy\index.html"
"132","Kendall Roofing Services | Licensed Roofers in Kendall FL | Planet Roofing","/service-area/miami-dade-fl/roofing-contractor-kendall/","Service Area","F:\My Career\Roofing Conversion\Client\Planet Roofing\Planet Roofing-Anti Gravity\planet-roofing\service-area\miami-dade-fl\roofing-contractor-kendall\index.html"
"133","Roofing Contractor Miami FL | Roof Repair & Replacement Experts","/service-area/miami-dade-fl/roofing-contractor-miami/","Service Area","F:\My Career\Roofing Conversion\Client\Planet Roofing\Planet Roofing-Anti Gravity\planet-roofing\service-area\miami-dade-fl\roofing-contractor-miami\index.html"
"134","Miami Beach Roofing Contractor | Roof Repair & Replacement | Planet Roofing","/service-area/miami-dade-fl/roofing-contractor-miami-beach/","Service Area","F:\My Career\Roofing Conversion\Client\Planet Roofing\Planet Roofing-Anti Gravity\planet-roofing\service-area\miami-dade-fl\roofing-contractor-miami-beach\index.html"
"135","Miami Gardens Roofing Services | Roof Repair & Replacement | Planet Roofing","/service-area/miami-dade-fl/roofing-contractor-miami-gardens/","Service Area","F:\My Career\Roofing Conversion\Client\Planet Roofing\Planet Roofing-Anti Gravity\planet-roofing\service-area\miami-dade-fl\roofing-contractor-miami-gardens\index.html"
"136","Premium Roofing Services in Miami Lakes FL | Planet Roofing","/service-area/miami-dade-fl/roofing-contractor-miami-lakes/","Service Area","F:\My Career\Roofing Conversion\Client\Planet Roofing\Planet Roofing-Anti Gravity\planet-roofing\service-area\miami-dade-fl\roofing-contractor-miami-lakes\index.html"
"137","North Miami Roofing Services | Roof Repair & Replacement | Planet Roofing","/service-area/miami-dade-fl/roofing-contractor-north-miami/","Service Area","F:\My Career\Roofing Conversion\Client\Planet Roofing\Planet Roofing-Anti Gravity\planet-roofing\service-area\miami-dade-fl\roofing-contractor-north-miami\index.html"
"138","Roofing Contractor North Miami Beach FL | Roof Repair & Replacement | Planet Roofing","/service-area/miami-dade-fl/roofing-contractor-north-miami-beach/","Service Area","F:\My Career\Roofing Conversion\Client\Planet Roofing\Planet Roofing-Anti Gravity\planet-roofing\service-area\miami-dade-fl\roofing-contractor-north-miami-beach\index.html"
"139","Residential Roofing Experts in Palmetto Bay FL | Planet Roofing","/service-area/miami-dade-fl/roofing-contractor-palmetto-bay/","Service Area","F:\My Career\Roofing Conversion\Client\Planet Roofing\Planet Roofing-Anti Gravity\planet-roofing\service-area\miami-dade-fl\roofing-contractor-palmetto-bay\index.html"
"140","Professional Roofing Company in West Palm Beach FL | Planet Roofing","/service-area/palm-beach-county-fl/","Service Area","F:\My Career\Roofing Conversion\Client\Planet Roofing\Planet Roofing-Anti Gravity\planet-roofing\service-area\palm-beach-county-fl\index.html"
"141","Trusted Roofing Contractor Serving Palm Beach County FL | Planet Roofing","/service-area/palm-beach-county-fl/roofing-contractor/","Service Area","F:\My Career\Roofing Conversion\Client\Planet Roofing\Planet Roofing-Anti Gravity\planet-roofing\service-area\palm-beach-county-fl\roofing-contractor\index.html"
"142","Roofing Contractor Boca Raton FL | Roof Repair & Replacement | Planet Roofing","/service-area/palm-beach-county-fl/roofing-contractor-boca-raton/","Service Area","F:\My Career\Roofing Conversion\Client\Planet Roofing\Planet Roofing-Anti Gravity\planet-roofing\service-area\palm-beach-county-fl\roofing-contractor-boca-raton\index.html"
"143","Roof Installation Boynton Beach FL | Planet Roofing","/service-area/palm-beach-county-fl/roofing-contractor-boynton-beach/","Service Area","F:\My Career\Roofing Conversion\Client\Planet Roofing\Planet Roofing-Anti Gravity\planet-roofing\service-area\palm-beach-county-fl\roofing-contractor-boynton-beach\index.html"
"144","Storm-Resilient Roofing Services in Delray Beach FL | Planet Roofing","/service-area/palm-beach-county-fl/roofing-contractor-delray-beach/","Service Area","F:\My Career\Roofing Conversion\Client\Planet Roofing\Planet Roofing-Anti Gravity\planet-roofing\service-area\palm-beach-county-fl\roofing-contractor-delray-beach\index.html"
"145","Ocean-Exposed Roofing Specialists in Highland Beach FL | Planet Roofing","/service-area/palm-beach-county-fl/roofing-contractor-highland-beach/","Service Area","F:\My Career\Roofing Conversion\Client\Planet Roofing\Planet Roofing-Anti Gravity\planet-roofing\service-area\palm-beach-county-fl\roofing-contractor-highland-beach\index.html"
"146","Reliable Roofing Solutions in Lake Worth Beach FL | Planet Roofing","/service-area/palm-beach-county-fl/roofing-contractor-lake-worth-beach/","Service Area","F:\My Career\Roofing Conversion\Client\Planet Roofing\Planet Roofing-Anti Gravity\planet-roofing\service-area\palm-beach-county-fl\roofing-contractor-lake-worth-beach\index.html"
"147","Dependable Coastal Roofing Services in Lantana FL | Planet Roofing","/service-area/palm-beach-county-fl/roofing-contractor-lantana/","Service Area","F:\My Career\Roofing Conversion\Client\Planet Roofing\Planet Roofing-Anti Gravity\planet-roofing\service-area\palm-beach-county-fl\roofing-contractor-lantana\index.html"
"148","Roofing Services in West Palm Beach, FL | Planet Roofing","/service-area/palm-beach-county-fl/roofing-contractor-west-palm-beach/","Service Area","F:\My Career\Roofing Conversion\Client\Planet Roofing\Planet Roofing-Anti Gravity\planet-roofing\service-area\palm-beach-county-fl\roofing-contractor-west-palm-beach\index.html"
"149","Shingle Roofing Fort Lauderdale FL | Shingle Roof Repair & Replacement | Planet Roofing","/shingle-roof-roofing-contractor/","Main Page","F:\My Career\Roofing Conversion\Client\Planet Roofing\Planet Roofing-Anti Gravity\planet-roofing\shingle-roof-roofing-contractor\index.html"
"150","Stone Coated Metal Roofing Fort Lauderdale, FL | Planet Roofing","/stone-coated-roofing-contractor/","Main Page","F:\My Career\Roofing Conversion\Client\Planet Roofing\Planet Roofing-Anti Gravity\planet-roofing\stone-coated-roofing-contractor\index.html"
"151","Tile Roofing Fort Lauderdale FL | Tile Roof Repair & Installation | Planet Roofing","/tile-roof-roofing-contractor/","Main Page","F:\My Career\Roofing Conversion\Client\Planet Roofing\Planet Roofing-Anti Gravity\planet-roofing\tile-roof-roofing-contractor\index.html"
"152","TPO Roofing Contractor in Fort Lauderdale, FL | Planet Roofing","/tpo-roof-roofing-contractor/","Main Page","F:\My Career\Roofing Conversion\Client\Planet Roofing\Planet Roofing-Anti Gravity\planet-roofing\tpo-roof-roofing-contractor\index.html"
"153","Roof Waterproofing Fort Lauderdale FL | Silicone Coatings","/waterproofing-roofing-contractor/","Main Page","F:\My Career\Roofing Conversion\Client\Planet Roofing\Planet Roofing-Anti Gravity\planet-roofing\waterproofing-roofing-contractor\index.html"
"154","Westlake Tile Roofs | Boral & Westlake Tile Roof Colors and Styles","/westlake-tile-roofs-boral-tile-roof-colors-styles/","Main Page","F:\My Career\Roofing Conversion\Client\Planet Roofing\Planet Roofing-Anti Gravity\planet-roofing\westlake-tile-roofs-boral-tile-roof-colors-styles\index.html"
