"Page","Link"
"Planet Roofing | Fort Lauderdale Roofing Contractor | Roof Repair & Replacement","https://planetroofingfl.com/"
"Thank You | Planet Roofing","https://planetroofingfl.com/thank-you.html"
"2-Piece Barrel Tile Roof Installation Video | Fort Lauderdale, FL","https://planetroofingfl.com/2-piece-barrel-tile-roof-installation-video/"
"About Planet Roofing | Fort Lauderdale Roofing Contractor Since 2009","https://planetroofingfl.com/about-planet-roofing/"
"Roofing Services Fort Lauderdale FL | Planet Roofing","https://planetroofingfl.com/all-roofing-services/"
"$10,000 Florida Roofing Grant Fort Lauderdale | Planet Roofing","https://planetroofingfl.com/blogs/10000-state-grant-in-florida/"
"Top 6 Things to Know When Hiring a Residential Roofing Contractor in Florida | Planet Roofing","https://planetroofingfl.com/blogs/6-things-to-know-about-hiring-a-roofing-contractor/"
"7 Efficient Roof Inspection Tips for Fort Lauderdale Homeowners | Planet Roofing","https://planetroofingfl.com/blogs/7-efficient-roof-inspection-tips/"
"9 Best Types of Roofing in Fort Lauderdale | Planet Roofing","https://planetroofingfl.com/blogs/9-best-types-of-roofing/"
"Top Benefits of Green Roofs for Fort Lauderdale Homes | Planet Roofing","https://planetroofingfl.com/blogs/benefits-of-green-roofing/"
"Can You Finance a Roof in Florida? | Planet Roofing","https://planetroofingfl.com/blogs/can-you-finance-a-roof-in-florida-planet-roofing/"
"Choosing the Right Metal Roof for Low-Sloped Homes | Planet Roofing","https://planetroofingfl.com/blogs/choosing-the-right-metal-roof-for-low-sloped-homes-a-helpful-guide/"
"Essential Things You Need to Know for a Roof Leak Repair | Planet Roofing Fort Lauderdale","https://planetroofingfl.com/blogs/everything-you-need-to-know-about-a-roof-leak-repair/"
"Five Undeniable Reasons to Replace Your Roof | Planet Roofing","https://planetroofingfl.com/blogs/five-undeniable-reasons-to-replace-your-roof/"
"Golf Course Community Roofing Fort Lauderdale | Planet Roofing","https://planetroofingfl.com/blogs/golf-course-community-roofing/"
"Government Loans for Roof Replacement in Florida | Planet Roofing","https://planetroofingfl.com/blogs/government-loans-for-roof-replacement-in-florida-planet-roofing/"
"Guide to Regular Roof Inspections Fort Lauderdale | Planet Roofing","https://planetroofingfl.com/blogs/guide-to-regular-roof-inspections/"
"How to Apply for PACE Roof Financing in Fort Lauderdale | Planet Roofing","https://planetroofingfl.com/blogs/how-to-apply-for-pace-roof-financing-program/"
"How To Easily Locate a Roof Leak | Planet Roofing Fort Lauderdale","https://planetroofingfl.com/blogs/how-to-easily-locate-a-roof-leak/"
"Hurricane Mitigation Requirements for Roofing | Planet Roofing","https://planetroofingfl.com/blogs/hurricane-mitigation-requirements-for-roofing/"
"Mansard Roof in South Florida | Planet Roofing Fort Lauderdale","https://planetroofingfl.com/blogs/mansard-roof-in-south-florida/"
"Metal Roofing and Green Energy | Sustainable Roofs in Fort Lauderdale","https://planetroofingfl.com/blogs/metal-roofing-and-green-energy/"
"Modified Bitumen Roofing in Fort Lauderdale | Planet Roofing","https://planetroofingfl.com/blogs/modified-bitumen-roofing/"
"My Safe Florida Home Program Fort Lauderdale | Planet Roofing","https://planetroofingfl.com/blogs/my-safe-florida-home-program/"
"Can You Finance a Roof in Florida? | Planet Roofing","https://planetroofingfl.com/blogs/old-can-you-finance-a-roof-in-florida-planet-roofing/"
"Patio Roofing Fort Lauderdale | Patio Waterproofing | Planet Roofing","https://planetroofingfl.com/blogs/patio-roofing-fort-lauderdale/"
"Programs to Help Pay for a New Roof in Florida | Planet Roofing","https://planetroofingfl.com/blogs/programs-to-help-pay-for-a-new-roof-in-florida/"
"Reasons to Replace Your Roof with Planet Roofing in Fort Lauderdale","https://planetroofingfl.com/blogs/reasons-to-replace-your-roof-with-planet-roofing/"
"Roof Ventilation Fort Lauderdale | 5 Reasons to Replace Roof Vents","https://planetroofingfl.com/blogs/reasons-to-replace-your-vents/"
"Solar Panel Installation Fort Lauderdale | Renewable Rooftop Energy","https://planetroofingfl.com/blogs/renewable-energy-from-your-rooftops/"
"How to Replace Roof Shingles: A Step-by-Step Guide for Fort Lauderdale Homes | Planet Roofing","https://planetroofingfl.com/blogs/replacing-roof-shingles/"
"Roof Financing Florida with PACE | $0 Down Roof Replacement","https://planetroofingfl.com/blogs/roof-financing-florida/"
"Roof Financing Florida | Flexible Roofing Payment Plans | Planet Roofing","https://planetroofingfl.com/blogs/roof-financing-florida-flexible-roofing-payment-plans/"
"Roof Leak Repair Cost in Florida | Planet Roofing Fort Lauderdale","https://planetroofingfl.com/blogs/roof-leak-repair-cost/"
"Roofing Companies With No Credit Check Payment Plans in Florida | Planet Roofing","https://planetroofingfl.com/blogs/roofing-companies-with-no-credit-check-payment-plans-planet-roofing/"
"Roofing Companies With Payment Plans for Bad Credit in Florida | Planet Roofing","https://planetroofingfl.com/blogs/roofing-companies-with-payment-plans-for-bad-credit-planet-roofing/"
"Roofing Done Right: Boost Your Home Value | Planet Roofing","https://planetroofingfl.com/blogs/roofing-done-right-a-key-to-boosting-your-homes-value/"
"Roofing on a Budget in Fort Lauderdale | Planet Roofing","https://planetroofingfl.com/blogs/roofing-on-a-budget-practical-tips-for-homeowners/"
"Step-by-Step Guide to the Perfect Roof | Planet Roofing Fort Lauderdale","https://planetroofingfl.com/blogs/step-by-step-process-into-achieving-the-perfect-roof/"
"Stone Coated Steel Roofing Fort Lauderdale | Planet Roofing FL","https://planetroofingfl.com/blogs/stone-coated-steel-roofing-florida/"
"The Importance of Proper Roof Installation in Fort Lauderdale | Planet Roofing","https://planetroofingfl.com/blogs/the-importance-of-proper-roof-installation/"
"Wind Mitigation Inspection Fort Lauderdale | Save on Insurance | Planet Roofing","https://planetroofingfl.com/blogs/wind-mitigation-inspection-strengthening-your-home-and-reducing-insurance-costs/"
"Expert Wood Shake Roofing Tips for Fort Lauderdale Homes | Planet Roofing","https://planetroofingfl.com/blogs/wood-shake-roofing-tips/"
"Book a Roofing Consultation in Fort Lauderdale | Planet Roofing","https://planetroofingfl.com/booking-calendar/"
"Cedar Shake Roofing Fort Lauderdale FL | Planet Roofing","https://planetroofingfl.com/cedar-shake-roofing-contractor/"
"Commercial Roofing Fort Lauderdale FL | Planet Roofing","https://planetroofingfl.com/commercial-roofing-contractor/"
"Composite Tile Roofing in Fort Lauderdale, FL | Planet Roofing","https://planetroofingfl.com/composite-tile-roofing-contractor/"
"Contact for Roof Financing Options in Florida | Planet Roofing","https://planetroofingfl.com/contact-for-roof-financing-option/"
"Contact Planet Roofing in Fort Lauderdale, FL","https://planetroofingfl.com/contact-planet-roofing/"
"24/7 Emergency Roof Work in Fort Lauderdale FL | Planet Roofing","https://planetroofingfl.com/contact-us-24-7-emergency-roof/"
"Roofing FAQ Fort Lauderdale FL | Planet Roofing","https://planetroofingfl.com/faq-roofing/"
"Flat Roofing Fort Lauderdale FL | Flat Roof Repair, TPO Roofing & Roof Coatings | Planet Roofing","https://planetroofingfl.com/flat-roof-roofing-contractor/"
"Metal Roofing Contractor in Fort Lauderdale, FL | Planet Roofing","https://planetroofingfl.com/metal-roof-roofing-contractor/"
"Metal Roofing Installation Video Fort Lauderdale FL | Planet Roofing","https://planetroofingfl.com/metal-roofing-installation-video/"
"New Roof Installation Fort Lauderdale FL | Planet Roofing","https://planetroofingfl.com/new-roof-roofing-contractor/"
"Planet Roofing Review Feedback | Tell Us How We Can Improve","https://planetroofingfl.com/planet-roofing-review-feedback/"
"Planet Roofing Reviews & Ratings | Fort Lauderdale Roofing Contractor","https://planetroofingfl.com/planet-roofing-review-ratings/"
"Roofing Project Portfolio Fort Lauderdale FL | Planet Roofing","https://planetroofingfl.com/portfolio-of-roofing-projects/"
"Register Roof Warranty | Planet Roofing Fort Lauderdale","https://planetroofingfl.com/register-roof-warranty/"
"Residential Roofing Fort Lauderdale FL | Roof Repair & Replacement | Planet Roofing","https://planetroofingfl.com/residential-roof-roofing-contractor/"
"Roof Financing Fort Lauderdale FL | Roof Payment Plans & Roof Loans | Planet Roofing","https://planetroofingfl.com/roof-financing/"
"Roof Inspection in Fort Lauderdale: Professional Guide | Planet Roofing","https://planetroofingfl.com/roof-inspection-roofing-contractor/"
"Roof Maintenance Fort Lauderdale FL | Preventative Roof Checklist","https://planetroofingfl.com/roof-maintenance-roofing-contractor/"
"Adding a Second Roof Layer Fort Lauderdale FL | Roof Recovery Code","https://planetroofingfl.com/roof-recovery-roofing-contractor/"
"Roof Repair Fort Lauderdale FL | Roof Leak Repair, Emergency Roof Repair Near Me | Planet Roofing","https://planetroofingfl.com/roof-repair-roofing-contractor/"
"Roof Replacement Fort Lauderdale FL | New Roof Installation & Re-Roofing | Planet Roofing","https://planetroofingfl.com/roof-replacement-roofing-contractor/"
"Roof Warranty Service Request | Planet Roofing Fort Lauderdale","https://planetroofingfl.com/roof-warranty-request-service/"
"Roofing Catalog Fort Lauderdale FL | Tile, Shingle & Metal Roof Colors","https://planetroofingfl.com/roofing-catalogs/"
"Resolve Roofing Code Violations Fort Lauderdale FL | Planet Roofing","https://planetroofingfl.com/roofing-code-violation-roofing-contractor/"
"Roofing Permit and Inspections Links","https://planetroofingfl.com/roofing-permit-and-inspections/"
"Roofing Permit and Inspections 1","https://planetroofingfl.com/roofing-permit-and-inspections1/"
"Same Day Roof Repair Fort Lauderdale FL | Planet Roofing","https://planetroofingfl.com/same-day-roof-repair-roofing-contractor/"
"Service Area | Planet Roofing South Florida Roofing Contractor","https://planetroofingfl.com/service-area/"
"Roofing Services in Broward County FL | Planet Roofing","https://planetroofingfl.com/service-area/broward-county-fl/"
"Roofing Services in Broward County FL | Planet Roofing","https://planetroofingfl.com/service-area/broward-county-fl/roofing-contractor/"
"Roofing Contractor in Coral Springs, FL | Planet Roofing","https://planetroofingfl.com/service-area/broward-county-fl/roofing-contractor-coral-springs/"
"Roofing Contractor Hollywood FL | Roof Repair & Replacement | Planet Roofing","https://planetroofingfl.com/service-area/broward-county-fl/roofing-contractor-hollywood/"
"Roofing Contractor in Lauderdale-by-the-Sea, FL | Planet Roofing","https://planetroofingfl.com/service-area/broward-county-fl/roofing-contractor-lauderdale-by-the-sea/"
"Roofing Contractor in Lauderdale Lakes, FL | Planet Roofing","https://planetroofingfl.com/service-area/broward-county-fl/roofing-contractor-lauderdale-lakes/"
"Trusted Lauderhill Roofer | Roof Repair & Replacement | Planet Roofing","https://planetroofingfl.com/service-area/broward-county-fl/roofing-contractor-lauderhill/"
"Miramar Roofing Services | Roof Repair & Replacement | Planet Roofing","https://planetroofingfl.com/service-area/broward-county-fl/roofing-contractor-miramar/"
"Oakland Park Roofing Contractor | Roof Repair & Replacement | Planet Roofing","https://planetroofingfl.com/service-area/broward-county-fl/roofing-contractor-oakland-park/"
"Roofing and Solar Contractor in Plantation, FL | Planet Roofing","https://planetroofingfl.com/service-area/broward-county-fl/roofing-contractor-plantation/"
"Roofing Contractor in Pompano Beach, FL | Planet Roofing","https://planetroofingfl.com/service-area/broward-county-fl/roofing-contractor-pompano-beach/"
"Tamarac Roofing Services | Roof Repair & Replacement | Planet Roofing","https://planetroofingfl.com/service-area/broward-county-fl/roofing-contractor-tamarac/"
"Weston Roofing Services | Tile Roof Repair & Replacement | Planet Roofing","https://planetroofingfl.com/service-area/broward-county-fl/roofing-contractor-weston/"
"Wilton Manors Roofing Contractor | Roof Repair & Replacement | Planet Roofing","https://planetroofingfl.com/service-area/broward-county-fl/roofing-contractor-wilton-manors/"
"Roofing Services in Broward County FL | Planet Roofing","https://planetroofingfl.com/service-area/fort-lauderdale-fl/"
"Cedar Shake Roofing Fort Lauderdale FL | Planet Roofing","https://planetroofingfl.com/service-area/fort-lauderdale-fl/cedar-shake-roofing/"
"Commercial Roofing Fort Lauderdale FL | Commercial Roof Repair & Flat Roofing | Planet Roofing","https://planetroofingfl.com/service-area/fort-lauderdale-fl/commercial-roofing/"
"Composite Tile Roofing in Fort Lauderdale, FL | Planet Roofing","https://planetroofingfl.com/service-area/fort-lauderdale-fl/composite-tile-roofing/"
"Roofing Project Portfolio Fort Lauderdale FL | Planet Roofing","https://planetroofingfl.com/service-area/fort-lauderdale-fl/contact-planet-roofing/"
"24/7 Emergency Roof Work in Fort Lauderdale FL | Planet Roofing","https://planetroofingfl.com/service-area/fort-lauderdale-fl/contact-us-24-7-emergency-roof-work/"
"Flat Roofing Fort Lauderdale FL | Flat Roof Repair, TPO Roofing & Roof Coatings | Planet Roofing","https://planetroofingfl.com/service-area/fort-lauderdale-fl/flat-roofing-services/"
"Metal Roofing Contractor in Fort Lauderdale, FL | Planet Roofing","https://planetroofingfl.com/service-area/fort-lauderdale-fl/metal-roofing/"
"New Roof Installation Fort Lauderdale FL | Planet Roofing","https://planetroofingfl.com/service-area/fort-lauderdale-fl/new-roofing/"
"Roofing Project Portfolio Fort Lauderdale FL | Planet Roofing","https://planetroofingfl.com/service-area/fort-lauderdale-fl/portfolio-of-roofing-projects/"
"Residential Roofing Fort Lauderdale FL | Roof Repair & Replacement | Planet Roofing","https://planetroofingfl.com/service-area/fort-lauderdale-fl/residential-roofing/"
"Roof Financing Fort Lauderdale FL | Roof Payment Plans & Roof Loans | Planet Roofing","https://planetroofingfl.com/service-area/fort-lauderdale-fl/roof-financing/"
"Roof Inspection Fort Lauderdale FL | Roof Leak Inspection & Roof Report | Planet Roofing","https://planetroofingfl.com/service-area/fort-lauderdale-fl/roof-inspection/"
"Roof Maintenance Fort Lauderdale FL | Roof Inspection & Preventive Roofing Service | Planet Roofing","https://planetroofingfl.com/service-area/fort-lauderdale-fl/roof-maintenance/"
"Roof Recovery Service in Fort Lauderdale, FL | Planet Roofing","https://planetroofingfl.com/service-area/fort-lauderdale-fl/roof-recovery/"
"Roof Repair Fort Lauderdale FL | Roof Leak Repair, Emergency Roof Repair Near Me | Planet Roofing","https://planetroofingfl.com/service-area/fort-lauderdale-fl/roof-repair/"
"Roof Replacement Fort Lauderdale FL | New Roof Installation & Re-Roofing | Planet Roofing","https://planetroofingfl.com/service-area/fort-lauderdale-fl/roof-replacement/"
"Roofing Code Violation Service in Fort Lauderdale, FL | Planet Roofing","https://planetroofingfl.com/service-area/fort-lauderdale-fl/roofing-code-violation/"
"Roofing Contractor in Colee Hammock Fort Lauderdale, FL | Planet Roofing","https://planetroofingfl.com/service-area/fort-lauderdale-fl/roofing-contractor-in-colee-hammock/"
"Roofing Contractor in Coral Ridge Fort Lauderdale, FL | Planet Roofing","https://planetroofingfl.com/service-area/fort-lauderdale-fl/roofing-contractor-in-coral-ridge/"
"Roofing Contractor in Downtown Fort Lauderdale, FL | Planet Roofing","https://planetroofingfl.com/service-area/fort-lauderdale-fl/roofing-contractor-in-downtown/"
"Roofing Contractor in Flagler Village Fort Lauderdale, FL | Planet Roofing","https://planetroofingfl.com/service-area/fort-lauderdale-fl/roofing-contractor-in-flagler-village/"
"Roofing Contractor in Harbor Beach Fort Lauderdale, FL | Planet Roofing","https://planetroofingfl.com/service-area/fort-lauderdale-fl/roofing-contractor-in-harbor-beach/"
"Roofing Contractor in Idlewyld Fort Lauderdale, FL | Planet Roofing","https://planetroofingfl.com/service-area/fort-lauderdale-fl/roofing-contractor-in-idlewyld/"
"Roofing Contractor in Las Olas Fort Lauderdale, FL | Planet Roofing","https://planetroofingfl.com/service-area/fort-lauderdale-fl/roofing-contractor-in-las-olas/"
"Roofing Contractor in Poinsettia Heights Fort Lauderdale, FL | Planet Roofing","https://planetroofingfl.com/service-area/fort-lauderdale-fl/roofing-contractor-in-poinsettia-heights/"
"Roofing Contractor in Rio Vista Fort Lauderdale, FL | Planet Roofing","https://planetroofingfl.com/service-area/fort-lauderdale-fl/roofing-contractor-in-rio-vista/"
"Roofing Contractor in Seven Isles Fort Lauderdale FL | Planet Roofing","https://planetroofingfl.com/service-area/fort-lauderdale-fl/roofing-contractor-in-seven-isles/"
"Roofing Contractor in South Middle River Fort Lauderdale FL | Planet Roofing","https://planetroofingfl.com/service-area/fort-lauderdale-fl/roofing-contractor-in-south-middle-river/"
"Roofing Services Fort Lauderdale FL | Planet Roofing","https://planetroofingfl.com/service-area/fort-lauderdale-fl/roofing-services/"
"Same Day Roof Repair Fort Lauderdale FL | Planet Roofing","https://planetroofingfl.com/service-area/fort-lauderdale-fl/same-day-roof-repair/"
"Shingle Roofing Fort Lauderdale FL | Shingle Roof Repair & Replacement | Planet Roofing","https://planetroofingfl.com/service-area/fort-lauderdale-fl/shingle-roofing/"
"Stone Coated Metal Roofing Fort Lauderdale, FL | Planet Roofing","https://planetroofingfl.com/service-area/fort-lauderdale-fl/stone-coated-metal-roofing/"
"Tile Roofing Fort Lauderdale FL | Tile Roof Repair & Installation | Planet Roofing","https://planetroofingfl.com/service-area/fort-lauderdale-fl/tile-roofing/"
"TPO Roofing Contractor in Fort Lauderdale, FL | Planet Roofing","https://planetroofingfl.com/service-area/fort-lauderdale-fl/tpo-roofing/"
"Waterproofing Fort Lauderdale FL | Roof Waterproofing & Coatings | Planet Roofing","https://planetroofingfl.com/service-area/fort-lauderdale-fl/waterproofing/"
"Roofing Services in Broward County FL | Planet Roofing","https://planetroofingfl.com/service-area/miami-dade-fl/"
"Miami-Dade Roofing Contractor | Roof Repair & Replacement | Planet Roofing","https://planetroofingfl.com/service-area/miami-dade-fl/roofing-contractor/"
"Roofing Contractor in Aventura, FL | Planet Roofing","https://planetroofingfl.com/service-area/miami-dade-fl/roofing-contractor-aventura/"
"Cutler Bay Roofing Contractor | Roof Repair & Replacement | Planet Roofing","https://planetroofingfl.com/service-area/miami-dade-fl/roofing-contractor-cutler-bay/"
"Luxury Coastal Roofing Services in Golden Beach FL | Planet Roofing","https://planetroofingfl.com/service-area/miami-dade-fl/roofing-contractor-golden-beach/"
"Reliable Roofing Contractors in Hialeah FL | Planet Roofing","https://planetroofingfl.com/service-area/miami-dade-fl/roofing-contractor-hialeah/"
"Storm-Resistant Roofing Services in Homestead FL | Planet Roofing","https://planetroofingfl.com/service-area/miami-dade-fl/roofing-contractor-homestead/"
"Roofing Contractor in Ives Dairy, FL | Roof Repair & Replacement","https://planetroofingfl.com/service-area/miami-dade-fl/roofing-contractor-ives-dairy/"
"Kendall Roofing Services | Licensed Roofers in Kendall FL | Planet Roofing","https://planetroofingfl.com/service-area/miami-dade-fl/roofing-contractor-kendall/"
"Roofing Contractor Miami FL | Roof Repair & Replacement Experts","https://planetroofingfl.com/service-area/miami-dade-fl/roofing-contractor-miami/"
"Miami Beach Roofing Contractor | Roof Repair & Replacement | Planet Roofing","https://planetroofingfl.com/service-area/miami-dade-fl/roofing-contractor-miami-beach/"
"Miami Gardens Roofing Services | Roof Repair & Replacement | Planet Roofing","https://planetroofingfl.com/service-area/miami-dade-fl/roofing-contractor-miami-gardens/"
"Premium Roofing Services in Miami Lakes FL | Planet Roofing","https://planetroofingfl.com/service-area/miami-dade-fl/roofing-contractor-miami-lakes/"
"North Miami Roofing Services | Roof Repair & Replacement | Planet Roofing","https://planetroofingfl.com/service-area/miami-dade-fl/roofing-contractor-north-miami/"
"Roofing Contractor North Miami Beach FL | Roof Repair & Replacement | Planet Roofing","https://planetroofingfl.com/service-area/miami-dade-fl/roofing-contractor-north-miami-beach/"
"Residential Roofing Experts in Palmetto Bay FL | Planet Roofing","https://planetroofingfl.com/service-area/miami-dade-fl/roofing-contractor-palmetto-bay/"
"Professional Roofing Company in West Palm Beach FL | Planet Roofing","https://planetroofingfl.com/service-area/palm-beach-county-fl/"
"Trusted Roofing Contractor Serving Palm Beach County FL | Planet Roofing","https://planetroofingfl.com/service-area/palm-beach-county-fl/roofing-contractor/"
"Roofing Contractor Boca Raton FL | Roof Repair & Replacement | Planet Roofing","https://planetroofingfl.com/service-area/palm-beach-county-fl/roofing-contractor-boca-raton/"
"Roof Installation Boynton Beach FL | Planet Roofing","https://planetroofingfl.com/service-area/palm-beach-county-fl/roofing-contractor-boynton-beach/"
"Storm-Resilient Roofing Services in Delray Beach FL | Planet Roofing","https://planetroofingfl.com/service-area/palm-beach-county-fl/roofing-contractor-delray-beach/"
"Ocean-Exposed Roofing Specialists in Highland Beach FL | Planet Roofing","https://planetroofingfl.com/service-area/palm-beach-county-fl/roofing-contractor-highland-beach/"
"Reliable Roofing Solutions in Lake Worth Beach FL | Planet Roofing","https://planetroofingfl.com/service-area/palm-beach-county-fl/roofing-contractor-lake-worth-beach/"
"Dependable Coastal Roofing Services in Lantana FL | Planet Roofing","https://planetroofingfl.com/service-area/palm-beach-county-fl/roofing-contractor-lantana/"
"Roofing Services in West Palm Beach, FL | Planet Roofing","https://planetroofingfl.com/service-area/palm-beach-county-fl/roofing-contractor-west-palm-beach/"
"Shingle Roofing Fort Lauderdale FL | Shingle Roof Repair & Replacement | Planet Roofing","https://planetroofingfl.com/shingle-roof-roofing-contractor/"
"Stone Coated Metal Roofing Fort Lauderdale, FL | Planet Roofing","https://planetroofingfl.com/stone-coated-roofing-contractor/"
"Tile Roofing Fort Lauderdale FL | Tile Roof Repair & Installation | Planet Roofing","https://planetroofingfl.com/tile-roof-roofing-contractor/"
"TPO Roofing Contractor in Fort Lauderdale, FL | Planet Roofing","https://planetroofingfl.com/tpo-roof-roofing-contractor/"
"Roof Waterproofing Fort Lauderdale FL | Silicone Coatings","https://planetroofingfl.com/waterproofing-roofing-contractor/"
"Westlake Tile Roofs | Boral & Westlake Tile Roof Colors and Styles","https://planetroofingfl.com/westlake-tile-roofs-boral-tile-roof-colors-styles/"
